model,epochs,lr,l2,dropout,conv_layers,seed,val_auc,val_logloss,val_pr_auc,val_brier,val_infer_time,test_auc,test_logloss,test_pr_auc,test_brier,test_infer_time,train_time
CTNet,3,0.001,1e-05,0.5,2,2025,0.9732310925744204,0.01067291036863133,0.2874508955226633,0.0024044734578631834,225.0427496433258,0.9714933565806926,0.01077091793549931,0.27944929686075054,0.0024004865700636255,233.07673716545105,3556.6770231723785
CTNet,3,0.001,1e-05,0.5,3,2025,0.9732310925744204,0.01067291036863133,0.2874508955226633,0.0024044734578631834,222.4918155670166,0.9714933565806926,0.01077091793549931,0.27944929686075054,0.0024004865700636255,226.04849290847778,3530.615942001343
CTNet,3,0.001,1e-05,0.5,4,2025,0.9732310925744204,0.01067291036863133,0.2874508955226633,0.0024044734578631834,222.60051941871643,0.9714933565806926,0.01077091793549931,0.27944929686075054,0.0024004865700636255,226.9551498889923,3532.562479496002
