model,epochs,lr,l2,dropout,embed_dim,seed,val_auc,val_logloss,val_pr_auc,val_brier,val_infer_time,test_auc,test_logloss,test_pr_auc,test_brier,test_infer_time,train_time
DeepFM,3,0.001,1e-06,0.3,8,2025,0.9630332971071126,0.011746471237073673,0.2262873295517786,0.0025329189113525966,51.17121481895447,0.960302008068748,0.011858567127256393,0.21861687970716637,0.0025233901799006954,49.20358395576477,741.4029643535614
